commit,date,version,suite,benchmark,experiment,name,config,case,time,runid
7343edcc84b5d16a4a4ea48b4c0b69730775195b,2026-04-20,1,plan-enumerators,cardinality-agnostic,chain,"mutable (single core, DPccp)",Execution Time,2,1.468,0
7343edcc84b5d16a4a4ea48b4c0b69730775195b,2026-04-20,1,plan-enumerators,cardinality-agnostic,chain,"mutable (single core, DPccp)",Execution Time,3,0.177,0
7343edcc84b5d16a4a4ea48b4c0b69730775195b,2026-04-20,1,plan-enumerators,cardinality-agnostic,chain,"mutable (single core, DPccp)",Execution Time,4,0.125,0
7343edcc84b5d16a4a4ea48b4c0b69730775195b,2026-04-20,1,plan-enumerators,cardinality-agnostic,chain,"mutable (single core, DPccp)",Execution Time,5,0.175,0
7343edcc84b5d16a4a4ea48b4c0b69730775195b,2026-04-20,1,plan-enumerators,cardinality-agnostic,chain,"mutable (single core, DPccp)",Execution Time,8,0.36,0
7343edcc84b5d16a4a4ea48b4c0b69730775195b,2026-04-20,1,plan-enumerators,cardinality-agnostic,chain,"mutable (single core, DPccp)",Execution Time,10,0.495,0
7343edcc84b5d16a4a4ea48b4c0b69730775195b,2026-04-20,1,plan-enumerators,cardinality-agnostic,chain,"mutable (single core, DPccp)",Execution Time,12,0.685,0
7343edcc84b5d16a4a4ea48b4c0b69730775195b,2026-04-20,1,plan-enumerators,cardinality-agnostic,chain,"mutable (single core, DPccp)",Execution Time,15,1.607,0
7343edcc84b5d16a4a4ea48b4c0b69730775195b,2026-04-20,1,plan-enumerators,cardinality-agnostic,chain,"mutable (single core, DPccp)",Execution Time,18,2.983,0
7343edcc84b5d16a4a4ea48b4c0b69730775195b,2026-04-20,1,plan-enumerators,cardinality-agnostic,chain,"mutable (single core, DPccp)",Execution Time,20,2.23,0
7343edcc84b5d16a4a4ea48b4c0b69730775195b,2026-04-20,1,plan-enumerators,cardinality-agnostic,chain,"mutable (single core, DPsizeOpt)",Execution Time,2,0.126,0
7343edcc84b5d16a4a4ea48b4c0b69730775195b,2026-04-20,1,plan-enumerators,cardinality-agnostic,chain,"mutable (single core, DPsizeOpt)",Execution Time,3,0.091,0
7343edcc84b5d16a4a4ea48b4c0b69730775195b,2026-04-20,1,plan-enumerators,cardinality-agnostic,chain,"mutable (single core, DPsizeOpt)",Execution Time,4,0.097,0
7343edcc84b5d16a4a4ea48b4c0b69730775195b,2026-04-20,1,plan-enumerators,cardinality-agnostic,chain,"mutable (single core, DPsizeOpt)",Execution Time,5,0.137,0
7343edcc84b5d16a4a4ea48b4c0b69730775195b,2026-04-20,1,plan-enumerators,cardinality-agnostic,chain,"mutable (single core, DPsizeOpt)",Execution Time,8,0.324,0
7343edcc84b5d16a4a4ea48b4c0b69730775195b,2026-04-20,1,plan-enumerators,cardinality-agnostic,chain,"mutable (single core, DPsizeOpt)",Execution Time,10,0.946,0
7343edcc84b5d16a4a4ea48b4c0b69730775195b,2026-04-20,1,plan-enumerators,cardinality-agnostic,chain,"mutable (single core, DPsizeOpt)",Execution Time,12,2.657,0
7343edcc84b5d16a4a4ea48b4c0b69730775195b,2026-04-20,1,plan-enumerators,cardinality-agnostic,chain,"mutable (single core, DPsizeOpt)",Execution Time,15,28.796,0
7343edcc84b5d16a4a4ea48b4c0b69730775195b,2026-04-20,1,plan-enumerators,cardinality-agnostic,chain,"mutable (single core, DPsizeOpt)",Execution Time,18,757.583,0
7343edcc84b5d16a4a4ea48b4c0b69730775195b,2026-04-20,1,plan-enumerators,cardinality-agnostic,chain,"mutable (single core, DPsizeOpt)",Execution Time,20,3963.44,0
7343edcc84b5d16a4a4ea48b4c0b69730775195b,2026-04-20,1,plan-enumerators,cardinality-agnostic,chain,"mutable (single core, DPsub)",Execution Time,2,0.145,0
7343edcc84b5d16a4a4ea48b4c0b69730775195b,2026-04-20,1,plan-enumerators,cardinality-agnostic,chain,"mutable (single core, DPsub)",Execution Time,3,0.319,0
7343edcc84b5d16a4a4ea48b4c0b69730775195b,2026-04-20,1,plan-enumerators,cardinality-agnostic,chain,"mutable (single core, DPsub)",Execution Time,4,0.31,0
7343edcc84b5d16a4a4ea48b4c0b69730775195b,2026-04-20,1,plan-enumerators,cardinality-agnostic,chain,"mutable (single core, DPsub)",Execution Time,5,0.35,0
7343edcc84b5d16a4a4ea48b4c0b69730775195b,2026-04-20,1,plan-enumerators,cardinality-agnostic,chain,"mutable (single core, DPsub)",Execution Time,8,0.538,0
7343edcc84b5d16a4a4ea48b4c0b69730775195b,2026-04-20,1,plan-enumerators,cardinality-agnostic,chain,"mutable (single core, DPsub)",Execution Time,10,0.46,0
7343edcc84b5d16a4a4ea48b4c0b69730775195b,2026-04-20,1,plan-enumerators,cardinality-agnostic,chain,"mutable (single core, DPsub)",Execution Time,12,1.316,0
7343edcc84b5d16a4a4ea48b4c0b69730775195b,2026-04-20,1,plan-enumerators,cardinality-agnostic,chain,"mutable (single core, DPsub)",Execution Time,15,2.193,0
7343edcc84b5d16a4a4ea48b4c0b69730775195b,2026-04-20,1,plan-enumerators,cardinality-agnostic,chain,"mutable (single core, DPsub)",Execution Time,18,34.884,0
7343edcc84b5d16a4a4ea48b4c0b69730775195b,2026-04-20,1,plan-enumerators,cardinality-agnostic,chain,"mutable (single core, DPsub)",Execution Time,20,117.116,0
7343edcc84b5d16a4a4ea48b4c0b69730775195b,2026-04-20,1,plan-enumerators,cardinality-agnostic,chain,"mutable (single core, DPsubOpt)",Execution Time,2,0.157,0
7343edcc84b5d16a4a4ea48b4c0b69730775195b,2026-04-20,1,plan-enumerators,cardinality-agnostic,chain,"mutable (single core, DPsubOpt)",Execution Time,3,0.091,0
7343edcc84b5d16a4a4ea48b4c0b69730775195b,2026-04-20,1,plan-enumerators,cardinality-agnostic,chain,"mutable (single core, DPsubOpt)",Execution Time,4,0.11,0
7343edcc84b5d16a4a4ea48b4c0b69730775195b,2026-04-20,1,plan-enumerators,cardinality-agnostic,chain,"mutable (single core, DPsubOpt)",Execution Time,5,0.14,0
7343edcc84b5d16a4a4ea48b4c0b69730775195b,2026-04-20,1,plan-enumerators,cardinality-agnostic,chain,"mutable (single core, DPsubOpt)",Execution Time,8,0.307,0
7343edcc84b5d16a4a4ea48b4c0b69730775195b,2026-04-20,1,plan-enumerators,cardinality-agnostic,chain,"mutable (single core, DPsubOpt)",Execution Time,10,0.356,0
7343edcc84b5d16a4a4ea48b4c0b69730775195b,2026-04-20,1,plan-enumerators,cardinality-agnostic,chain,"mutable (single core, DPsubOpt)",Execution Time,12,0.554,0
7343edcc84b5d16a4a4ea48b4c0b69730775195b,2026-04-20,1,plan-enumerators,cardinality-agnostic,chain,"mutable (single core, DPsubOpt)",Execution Time,15,1.929,0
7343edcc84b5d16a4a4ea48b4c0b69730775195b,2026-04-20,1,plan-enumerators,cardinality-agnostic,chain,"mutable (single core, DPsubOpt)",Execution Time,18,16.359,0
7343edcc84b5d16a4a4ea48b4c0b69730775195b,2026-04-20,1,plan-enumerators,cardinality-agnostic,chain,"mutable (single core, DPsubOpt)",Execution Time,20,62.509,0
7343edcc84b5d16a4a4ea48b4c0b69730775195b,2026-04-20,1,plan-enumerators,cardinality-agnostic,chain,"mutable (single core, DPsizeSub)",Execution Time,2,0.126,0
7343edcc84b5d16a4a4ea48b4c0b69730775195b,2026-04-20,1,plan-enumerators,cardinality-agnostic,chain,"mutable (single core, DPsizeSub)",Execution Time,3,0.091,0
7343edcc84b5d16a4a4ea48b4c0b69730775195b,2026-04-20,1,plan-enumerators,cardinality-agnostic,chain,"mutable (single core, DPsizeSub)",Execution Time,4,0.093,0
7343edcc84b5d16a4a4ea48b4c0b69730775195b,2026-04-20,1,plan-enumerators,cardinality-agnostic,chain,"mutable (single core, DPsizeSub)",Execution Time,5,0.192,0
7343edcc84b5d16a4a4ea48b4c0b69730775195b,2026-04-20,1,plan-enumerators,cardinality-agnostic,chain,"mutable (single core, DPsizeSub)",Execution Time,8,0.269,0
7343edcc84b5d16a4a4ea48b4c0b69730775195b,2026-04-20,1,plan-enumerators,cardinality-agnostic,chain,"mutable (single core, DPsizeSub)",Execution Time,10,0.616,0
7343edcc84b5d16a4a4ea48b4c0b69730775195b,2026-04-20,1,plan-enumerators,cardinality-agnostic,chain,"mutable (single core, DPsizeSub)",Execution Time,12,0.657,0
7343edcc84b5d16a4a4ea48b4c0b69730775195b,2026-04-20,1,plan-enumerators,cardinality-agnostic,chain,"mutable (single core, DPsizeSub)",Execution Time,15,2.232,0
7343edcc84b5d16a4a4ea48b4c0b69730775195b,2026-04-20,1,plan-enumerators,cardinality-agnostic,chain,"mutable (single core, DPsizeSub)",Execution Time,18,32.37,0
7343edcc84b5d16a4a4ea48b4c0b69730775195b,2026-04-20,1,plan-enumerators,cardinality-agnostic,chain,"mutable (single core, DPsizeSub)",Execution Time,20,128.493,0
7343edcc84b5d16a4a4ea48b4c0b69730775195b,2026-04-20,1,plan-enumerators,cardinality-agnostic,chain,"mutable (single core, TDbasic)",Execution Time,2,0.157,0
7343edcc84b5d16a4a4ea48b4c0b69730775195b,2026-04-20,1,plan-enumerators,cardinality-agnostic,chain,"mutable (single core, TDbasic)",Execution Time,3,0.097,0
7343edcc84b5d16a4a4ea48b4c0b69730775195b,2026-04-20,1,plan-enumerators,cardinality-agnostic,chain,"mutable (single core, TDbasic)",Execution Time,4,0.093,0
7343edcc84b5d16a4a4ea48b4c0b69730775195b,2026-04-20,1,plan-enumerators,cardinality-agnostic,chain,"mutable (single core, TDbasic)",Execution Time,5,0.152,0
7343edcc84b5d16a4a4ea48b4c0b69730775195b,2026-04-20,1,plan-enumerators,cardinality-agnostic,chain,"mutable (single core, TDbasic)",Execution Time,8,0.301,0
7343edcc84b5d16a4a4ea48b4c0b69730775195b,2026-04-20,1,plan-enumerators,cardinality-agnostic,chain,"mutable (single core, TDbasic)",Execution Time,10,0.427,0
7343edcc84b5d16a4a4ea48b4c0b69730775195b,2026-04-20,1,plan-enumerators,cardinality-agnostic,chain,"mutable (single core, TDbasic)",Execution Time,12,0.948,0
7343edcc84b5d16a4a4ea48b4c0b69730775195b,2026-04-20,1,plan-enumerators,cardinality-agnostic,chain,"mutable (single core, TDbasic)",Execution Time,15,3.648,0
7343edcc84b5d16a4a4ea48b4c0b69730775195b,2026-04-20,1,plan-enumerators,cardinality-agnostic,chain,"mutable (single core, TDbasic)",Execution Time,18,7.494,0
7343edcc84b5d16a4a4ea48b4c0b69730775195b,2026-04-20,1,plan-enumerators,cardinality-agnostic,chain,"mutable (single core, TDbasic)",Execution Time,20,22.073,0
7343edcc84b5d16a4a4ea48b4c0b69730775195b,2026-04-20,1,plan-enumerators,cardinality-agnostic,chain,"mutable (single core, TDMinCutAGaT)",Execution Time,2,1.076,0
7343edcc84b5d16a4a4ea48b4c0b69730775195b,2026-04-20,1,plan-enumerators,cardinality-agnostic,chain,"mutable (single core, TDMinCutAGaT)",Execution Time,3,0.166,0
7343edcc84b5d16a4a4ea48b4c0b69730775195b,2026-04-20,1,plan-enumerators,cardinality-agnostic,chain,"mutable (single core, TDMinCutAGaT)",Execution Time,4,0.115,0
7343edcc84b5d16a4a4ea48b4c0b69730775195b,2026-04-20,1,plan-enumerators,cardinality-agnostic,chain,"mutable (single core, TDMinCutAGaT)",Execution Time,5,0.172,0
7343edcc84b5d16a4a4ea48b4c0b69730775195b,2026-04-20,1,plan-enumerators,cardinality-agnostic,chain,"mutable (single core, TDMinCutAGaT)",Execution Time,8,0.358,0
7343edcc84b5d16a4a4ea48b4c0b69730775195b,2026-04-20,1,plan-enumerators,cardinality-agnostic,chain,"mutable (single core, TDMinCutAGaT)",Execution Time,10,0.421,0
7343edcc84b5d16a4a4ea48b4c0b69730775195b,2026-04-20,1,plan-enumerators,cardinality-agnostic,chain,"mutable (single core, TDMinCutAGaT)",Execution Time,12,0.611,0
7343edcc84b5d16a4a4ea48b4c0b69730775195b,2026-04-20,1,plan-enumerators,cardinality-agnostic,chain,"mutable (single core, TDMinCutAGaT)",Execution Time,15,1.949,0
7343edcc84b5d16a4a4ea48b4c0b69730775195b,2026-04-20,1,plan-enumerators,cardinality-agnostic,chain,"mutable (single core, TDMinCutAGaT)",Execution Time,18,1.611,0
7343edcc84b5d16a4a4ea48b4c0b69730775195b,2026-04-20,1,plan-enumerators,cardinality-agnostic,chain,"mutable (single core, TDMinCutAGaT)",Execution Time,20,1.612,0
7343edcc84b5d16a4a4ea48b4c0b69730775195b,2026-04-20,1,plan-enumerators,cardinality-agnostic,chain,"mutable (single core, TwoPhaseOptimizer)",Execution Time,2,8.016,0
7343edcc84b5d16a4a4ea48b4c0b69730775195b,2026-04-20,1,plan-enumerators,cardinality-agnostic,chain,"mutable (single core, TwoPhaseOptimizer)",Execution Time,3,16.504,0
7343edcc84b5d16a4a4ea48b4c0b69730775195b,2026-04-20,1,plan-enumerators,cardinality-agnostic,chain,"mutable (single core, TwoPhaseOptimizer)",Execution Time,4,26.102,0
7343edcc84b5d16a4a4ea48b4c0b69730775195b,2026-04-20,1,plan-enumerators,cardinality-agnostic,chain,"mutable (single core, TwoPhaseOptimizer)",Execution Time,5,33.335,0
7343edcc84b5d16a4a4ea48b4c0b69730775195b,2026-04-20,1,plan-enumerators,cardinality-agnostic,chain,"mutable (single core, TwoPhaseOptimizer)",Execution Time,8,68.879,0
7343edcc84b5d16a4a4ea48b4c0b69730775195b,2026-04-20,1,plan-enumerators,cardinality-agnostic,chain,"mutable (single core, TwoPhaseOptimizer)",Execution Time,10,91.05,0
7343edcc84b5d16a4a4ea48b4c0b69730775195b,2026-04-20,1,plan-enumerators,cardinality-agnostic,chain,"mutable (single core, TwoPhaseOptimizer)",Execution Time,12,129.921,0
7343edcc84b5d16a4a4ea48b4c0b69730775195b,2026-04-20,1,plan-enumerators,cardinality-agnostic,chain,"mutable (single core, TwoPhaseOptimizer)",Execution Time,15,306.688,0
7343edcc84b5d16a4a4ea48b4c0b69730775195b,2026-04-20,1,plan-enumerators,cardinality-agnostic,chain,"mutable (single core, TwoPhaseOptimizer)",Execution Time,18,373.743,0
7343edcc84b5d16a4a4ea48b4c0b69730775195b,2026-04-20,1,plan-enumerators,cardinality-agnostic,chain,"mutable (single core, TwoPhaseOptimizer)",Execution Time,20,380.358,0
7343edcc84b5d16a4a4ea48b4c0b69730775195b,2026-04-20,1,plan-enumerators,cardinality-agnostic,clique,"mutable (single core, DPccp)",Execution Time,2,0.483,0
7343edcc84b5d16a4a4ea48b4c0b69730775195b,2026-04-20,1,plan-enumerators,cardinality-agnostic,clique,"mutable (single core, DPccp)",Execution Time,3,0.324,0
7343edcc84b5d16a4a4ea48b4c0b69730775195b,2026-04-20,1,plan-enumerators,cardinality-agnostic,clique,"mutable (single core, DPccp)",Execution Time,4,0.266,0
7343edcc84b5d16a4a4ea48b4c0b69730775195b,2026-04-20,1,plan-enumerators,cardinality-agnostic,clique,"mutable (single core, DPccp)",Execution Time,5,0.553,0
7343edcc84b5d16a4a4ea48b4c0b69730775195b,2026-04-20,1,plan-enumerators,cardinality-agnostic,clique,"mutable (single core, DPccp)",Execution Time,8,2.42,0
7343edcc84b5d16a4a4ea48b4c0b69730775195b,2026-04-20,1,plan-enumerators,cardinality-agnostic,clique,"mutable (single core, DPccp)",Execution Time,10,16.383,0
7343edcc84b5d16a4a4ea48b4c0b69730775195b,2026-04-20,1,plan-enumerators,cardinality-agnostic,clique,"mutable (single core, DPccp)",Execution Time,12,98.284,0
7343edcc84b5d16a4a4ea48b4c0b69730775195b,2026-04-20,1,plan-enumerators,cardinality-agnostic,clique,"mutable (single core, DPsizeOpt)",Execution Time,2,0.126,0
7343edcc84b5d16a4a4ea48b4c0b69730775195b,2026-04-20,1,plan-enumerators,cardinality-agnostic,clique,"mutable (single core, DPsizeOpt)",Execution Time,3,0.098,0
7343edcc84b5d16a4a4ea48b4c0b69730775195b,2026-04-20,1,plan-enumerators,cardinality-agnostic,clique,"mutable (single core, DPsizeOpt)",Execution Time,4,0.107,0
7343edcc84b5d16a4a4ea48b4c0b69730775195b,2026-04-20,1,plan-enumerators,cardinality-agnostic,clique,"mutable (single core, DPsizeOpt)",Execution Time,5,0.172,0
7343edcc84b5d16a4a4ea48b4c0b69730775195b,2026-04-20,1,plan-enumerators,cardinality-agnostic,clique,"mutable (single core, DPsizeOpt)",Execution Time,8,1.031,0
7343edcc84b5d16a4a4ea48b4c0b69730775195b,2026-04-20,1,plan-enumerators,cardinality-agnostic,clique,"mutable (single core, DPsizeOpt)",Execution Time,10,6.464,0
7343edcc84b5d16a4a4ea48b4c0b69730775195b,2026-04-20,1,plan-enumerators,cardinality-agnostic,clique,"mutable (single core, DPsizeOpt)",Execution Time,12,75.225,0
7343edcc84b5d16a4a4ea48b4c0b69730775195b,2026-04-20,1,plan-enumerators,cardinality-agnostic,clique,"mutable (single core, DPsub)",Execution Time,2,0.138,0
7343edcc84b5d16a4a4ea48b4c0b69730775195b,2026-04-20,1,plan-enumerators,cardinality-agnostic,clique,"mutable (single core, DPsub)",Execution Time,3,0.094,0
7343edcc84b5d16a4a4ea48b4c0b69730775195b,2026-04-20,1,plan-enumerators,cardinality-agnostic,clique,"mutable (single core, DPsub)",Execution Time,4,0.108,0
7343edcc84b5d16a4a4ea48b4c0b69730775195b,2026-04-20,1,plan-enumerators,cardinality-agnostic,clique,"mutable (single core, DPsub)",Execution Time,5,0.169,0
7343edcc84b5d16a4a4ea48b4c0b69730775195b,2026-04-20,1,plan-enumerators,cardinality-agnostic,clique,"mutable (single core, DPsub)",Execution Time,8,0.746,0
7343edcc84b5d16a4a4ea48b4c0b69730775195b,2026-04-20,1,plan-enumerators,cardinality-agnostic,clique,"mutable (single core, DPsub)",Execution Time,10,4.141,0
7343edcc84b5d16a4a4ea48b4c0b69730775195b,2026-04-20,1,plan-enumerators,cardinality-agnostic,clique,"mutable (single core, DPsub)",Execution Time,12,31.48,0
7343edcc84b5d16a4a4ea48b4c0b69730775195b,2026-04-20,1,plan-enumerators,cardinality-agnostic,clique,"mutable (single core, DPsubOpt)",Execution Time,2,0.144,0
7343edcc84b5d16a4a4ea48b4c0b69730775195b,2026-04-20,1,plan-enumerators,cardinality-agnostic,clique,"mutable (single core, DPsubOpt)",Execution Time,3,0.095,0
7343edcc84b5d16a4a4ea48b4c0b69730775195b,2026-04-20,1,plan-enumerators,cardinality-agnostic,clique,"mutable (single core, DPsubOpt)",Execution Time,4,0.104,0
7343edcc84b5d16a4a4ea48b4c0b69730775195b,2026-04-20,1,plan-enumerators,cardinality-agnostic,clique,"mutable (single core, DPsubOpt)",Execution Time,5,0.171,0
7343edcc84b5d16a4a4ea48b4c0b69730775195b,2026-04-20,1,plan-enumerators,cardinality-agnostic,clique,"mutable (single core, DPsubOpt)",Execution Time,8,0.763,0
7343edcc84b5d16a4a4ea48b4c0b69730775195b,2026-04-20,1,plan-enumerators,cardinality-agnostic,clique,"mutable (single core, DPsubOpt)",Execution Time,10,2.315,0
7343edcc84b5d16a4a4ea48b4c0b69730775195b,2026-04-20,1,plan-enumerators,cardinality-agnostic,clique,"mutable (single core, DPsubOpt)",Execution Time,12,16.479,0
7343edcc84b5d16a4a4ea48b4c0b69730775195b,2026-04-20,1,plan-enumerators,cardinality-agnostic,clique,"mutable (single core, DPsizeSub)",Execution Time,2,0.127,0
7343edcc84b5d16a4a4ea48b4c0b69730775195b,2026-04-20,1,plan-enumerators,cardinality-agnostic,clique,"mutable (single core, DPsizeSub)",Execution Time,3,0.124,0
7343edcc84b5d16a4a4ea48b4c0b69730775195b,2026-04-20,1,plan-enumerators,cardinality-agnostic,clique,"mutable (single core, DPsizeSub)",Execution Time,4,0.148,0
7343edcc84b5d16a4a4ea48b4c0b69730775195b,2026-04-20,1,plan-enumerators,cardinality-agnostic,clique,"mutable (single core, DPsizeSub)",Execution Time,5,0.355,0
7343edcc84b5d16a4a4ea48b4c0b69730775195b,2026-04-20,1,plan-enumerators,cardinality-agnostic,clique,"mutable (single core, DPsizeSub)",Execution Time,8,0.87,0
7343edcc84b5d16a4a4ea48b4c0b69730775195b,2026-04-20,1,plan-enumerators,cardinality-agnostic,clique,"mutable (single core, DPsizeSub)",Execution Time,10,4.072,0
7343edcc84b5d16a4a4ea48b4c0b69730775195b,2026-04-20,1,plan-enumerators,cardinality-agnostic,clique,"mutable (single core, DPsizeSub)",Execution Time,12,32.806,0
7343edcc84b5d16a4a4ea48b4c0b69730775195b,2026-04-20,1,plan-enumerators,cardinality-agnostic,clique,"mutable (single core, TDbasic)",Execution Time,2,0.125,0
7343edcc84b5d16a4a4ea48b4c0b69730775195b,2026-04-20,1,plan-enumerators,cardinality-agnostic,clique,"mutable (single core, TDbasic)",Execution Time,3,0.091,0
7343edcc84b5d16a4a4ea48b4c0b69730775195b,2026-04-20,1,plan-enumerators,cardinality-agnostic,clique,"mutable (single core, TDbasic)",Execution Time,4,0.105,0
7343edcc84b5d16a4a4ea48b4c0b69730775195b,2026-04-20,1,plan-enumerators,cardinality-agnostic,clique,"mutable (single core, TDbasic)",Execution Time,5,0.17,0
7343edcc84b5d16a4a4ea48b4c0b69730775195b,2026-04-20,1,plan-enumerators,cardinality-agnostic,clique,"mutable (single core, TDbasic)",Execution Time,8,0.924,0
7343edcc84b5d16a4a4ea48b4c0b69730775195b,2026-04-20,1,plan-enumerators,cardinality-agnostic,clique,"mutable (single core, TDbasic)",Execution Time,10,3.649,0
7343edcc84b5d16a4a4ea48b4c0b69730775195b,2026-04-20,1,plan-enumerators,cardinality-agnostic,clique,"mutable (single core, TDbasic)",Execution Time,12,26.972,0
7343edcc84b5d16a4a4ea48b4c0b69730775195b,2026-04-20,1,plan-enumerators,cardinality-agnostic,clique,"mutable (single core, TDMinCutAGaT)",Execution Time,2,0.139,0
7343edcc84b5d16a4a4ea48b4c0b69730775195b,2026-04-20,1,plan-enumerators,cardinality-agnostic,clique,"mutable (single core, TDMinCutAGaT)",Execution Time,3,0.101,0
7343edcc84b5d16a4a4ea48b4c0b69730775195b,2026-04-20,1,plan-enumerators,cardinality-agnostic,clique,"mutable (single core, TDMinCutAGaT)",Execution Time,4,0.131,0
7343edcc84b5d16a4a4ea48b4c0b69730775195b,2026-04-20,1,plan-enumerators,cardinality-agnostic,clique,"mutable (single core, TDMinCutAGaT)",Execution Time,5,0.203,0
7343edcc84b5d16a4a4ea48b4c0b69730775195b,2026-04-20,1,plan-enumerators,cardinality-agnostic,clique,"mutable (single core, TDMinCutAGaT)",Execution Time,8,1.485,0
7343edcc84b5d16a4a4ea48b4c0b69730775195b,2026-04-20,1,plan-enumerators,cardinality-agnostic,clique,"mutable (single core, TDMinCutAGaT)",Execution Time,10,7.238,0
7343edcc84b5d16a4a4ea48b4c0b69730775195b,2026-04-20,1,plan-enumerators,cardinality-agnostic,clique,"mutable (single core, TDMinCutAGaT)",Execution Time,12,59.984,0
7343edcc84b5d16a4a4ea48b4c0b69730775195b,2026-04-20,1,plan-enumerators,cardinality-agnostic,clique,"mutable (single core, TwoPhaseOptimizer)",Execution Time,2,6.548,0
7343edcc84b5d16a4a4ea48b4c0b69730775195b,2026-04-20,1,plan-enumerators,cardinality-agnostic,clique,"mutable (single core, TwoPhaseOptimizer)",Execution Time,3,17.57,0
7343edcc84b5d16a4a4ea48b4c0b69730775195b,2026-04-20,1,plan-enumerators,cardinality-agnostic,clique,"mutable (single core, TwoPhaseOptimizer)",Execution Time,4,26.366,0
7343edcc84b5d16a4a4ea48b4c0b69730775195b,2026-04-20,1,plan-enumerators,cardinality-agnostic,clique,"mutable (single core, TwoPhaseOptimizer)",Execution Time,5,34.399,0
7343edcc84b5d16a4a4ea48b4c0b69730775195b,2026-04-20,1,plan-enumerators,cardinality-agnostic,clique,"mutable (single core, TwoPhaseOptimizer)",Execution Time,8,68.46,0
7343edcc84b5d16a4a4ea48b4c0b69730775195b,2026-04-20,1,plan-enumerators,cardinality-agnostic,clique,"mutable (single core, TwoPhaseOptimizer)",Execution Time,10,87.336,0
7343edcc84b5d16a4a4ea48b4c0b69730775195b,2026-04-20,1,plan-enumerators,cardinality-agnostic,clique,"mutable (single core, TwoPhaseOptimizer)",Execution Time,12,152.193,0
7343edcc84b5d16a4a4ea48b4c0b69730775195b,2026-04-20,1,plan-enumerators,cardinality-agnostic,cycle,"mutable (single core, DPccp)",Execution Time,2,0.208,0
7343edcc84b5d16a4a4ea48b4c0b69730775195b,2026-04-20,1,plan-enumerators,cardinality-agnostic,cycle,"mutable (single core, DPccp)",Execution Time,3,0.18,0
7343edcc84b5d16a4a4ea48b4c0b69730775195b,2026-04-20,1,plan-enumerators,cardinality-agnostic,cycle,"mutable (single core, DPccp)",Execution Time,4,0.147,0
7343edcc84b5d16a4a4ea48b4c0b69730775195b,2026-04-20,1,plan-enumerators,cardinality-agnostic,cycle,"mutable (single core, DPccp)",Execution Time,5,0.201,0
7343edcc84b5d16a4a4ea48b4c0b69730775195b,2026-04-20,1,plan-enumerators,cardinality-agnostic,cycle,"mutable (single core, DPccp)",Execution Time,8,0.437,0
7343edcc84b5d16a4a4ea48b4c0b69730775195b,2026-04-20,1,plan-enumerators,cardinality-agnostic,cycle,"mutable (single core, DPccp)",Execution Time,10,0.645,0
7343edcc84b5d16a4a4ea48b4c0b69730775195b,2026-04-20,1,plan-enumerators,cardinality-agnostic,cycle,"mutable (single core, DPccp)",Execution Time,12,1.344,0
7343edcc84b5d16a4a4ea48b4c0b69730775195b,2026-04-20,1,plan-enumerators,cardinality-agnostic,cycle,"mutable (single core, DPccp)",Execution Time,15,2.346,0
7343edcc84b5d16a4a4ea48b4c0b69730775195b,2026-04-20,1,plan-enumerators,cardinality-agnostic,cycle,"mutable (single core, DPccp)",Execution Time,18,3.105,0
7343edcc84b5d16a4a4ea48b4c0b69730775195b,2026-04-20,1,plan-enumerators,cardinality-agnostic,cycle,"mutable (single core, DPccp)",Execution Time,20,4.03,0
7343edcc84b5d16a4a4ea48b4c0b69730775195b,2026-04-20,1,plan-enumerators,cardinality-agnostic,cycle,"mutable (single core, DPsizeOpt)",Execution Time,2,0.149,0
7343edcc84b5d16a4a4ea48b4c0b69730775195b,2026-04-20,1,plan-enumerators,cardinality-agnostic,cycle,"mutable (single core, DPsizeOpt)",Execution Time,3,0.12,0
7343edcc84b5d16a4a4ea48b4c0b69730775195b,2026-04-20,1,plan-enumerators,cardinality-agnostic,cycle,"mutable (single core, DPsizeOpt)",Execution Time,4,0.119,0
7343edcc84b5d16a4a4ea48b4c0b69730775195b,2026-04-20,1,plan-enumerators,cardinality-agnostic,cycle,"mutable (single core, DPsizeOpt)",Execution Time,5,0.179,0
7343edcc84b5d16a4a4ea48b4c0b69730775195b,2026-04-20,1,plan-enumerators,cardinality-agnostic,cycle,"mutable (single core, DPsizeOpt)",Execution Time,8,0.538,0
7343edcc84b5d16a4a4ea48b4c0b69730775195b,2026-04-20,1,plan-enumerators,cardinality-agnostic,cycle,"mutable (single core, DPsizeOpt)",Execution Time,10,1.034,0
7343edcc84b5d16a4a4ea48b4c0b69730775195b,2026-04-20,1,plan-enumerators,cardinality-agnostic,cycle,"mutable (single core, DPsizeOpt)",Execution Time,12,3.655,0
7343edcc84b5d16a4a4ea48b4c0b69730775195b,2026-04-20,1,plan-enumerators,cardinality-agnostic,cycle,"mutable (single core, DPsizeOpt)",Execution Time,15,37.52,0
7343edcc84b5d16a4a4ea48b4c0b69730775195b,2026-04-20,1,plan-enumerators,cardinality-agnostic,cycle,"mutable (single core, DPsizeOpt)",Execution Time,18,1233.17,0
7343edcc84b5d16a4a4ea48b4c0b69730775195b,2026-04-20,1,plan-enumerators,cardinality-agnostic,cycle,"mutable (single core, DPsizeOpt)",Execution Time,20,5737.73,0
7343edcc84b5d16a4a4ea48b4c0b69730775195b,2026-04-20,1,plan-enumerators,cardinality-agnostic,cycle,"mutable (single core, DPsub)",Execution Time,2,0.12,0
7343edcc84b5d16a4a4ea48b4c0b69730775195b,2026-04-20,1,plan-enumerators,cardinality-agnostic,cycle,"mutable (single core, DPsub)",Execution Time,3,0.097,0
7343edcc84b5d16a4a4ea48b4c0b69730775195b,2026-04-20,1,plan-enumerators,cardinality-agnostic,cycle,"mutable (single core, DPsub)",Execution Time,4,0.138,0
7343edcc84b5d16a4a4ea48b4c0b69730775195b,2026-04-20,1,plan-enumerators,cardinality-agnostic,cycle,"mutable (single core, DPsub)",Execution Time,5,0.165,0
7343edcc84b5d16a4a4ea48b4c0b69730775195b,2026-04-20,1,plan-enumerators,cardinality-agnostic,cycle,"mutable (single core, DPsub)",Execution Time,8,0.329,0
7343edcc84b5d16a4a4ea48b4c0b69730775195b,2026-04-20,1,plan-enumerators,cardinality-agnostic,cycle,"mutable (single core, DPsub)",Execution Time,10,0.455,0
7343edcc84b5d16a4a4ea48b4c0b69730775195b,2026-04-20,1,plan-enumerators,cardinality-agnostic,cycle,"mutable (single core, DPsub)",Execution Time,12,0.931,0
7343edcc84b5d16a4a4ea48b4c0b69730775195b,2026-04-20,1,plan-enumerators,cardinality-agnostic,cycle,"mutable (single core, DPsub)",Execution Time,15,3.856,0
7343edcc84b5d16a4a4ea48b4c0b69730775195b,2026-04-20,1,plan-enumerators,cardinality-agnostic,cycle,"mutable (single core, DPsub)",Execution Time,18,157.799,0
7343edcc84b5d16a4a4ea48b4c0b69730775195b,2026-04-20,1,plan-enumerators,cardinality-agnostic,cycle,"mutable (single core, DPsub)",Execution Time,20,707.564,0
7343edcc84b5d16a4a4ea48b4c0b69730775195b,2026-04-20,1,plan-enumerators,cardinality-agnostic,cycle,"mutable (single core, DPsubOpt)",Execution Time,2,0.135,0
7343edcc84b5d16a4a4ea48b4c0b69730775195b,2026-04-20,1,plan-enumerators,cardinality-agnostic,cycle,"mutable (single core, DPsubOpt)",Execution Time,3,0.097,0
7343edcc84b5d16a4a4ea48b4c0b69730775195b,2026-04-20,1,plan-enumerators,cardinality-agnostic,cycle,"mutable (single core, DPsubOpt)",Execution Time,4,0.113,0
7343edcc84b5d16a4a4ea48b4c0b69730775195b,2026-04-20,1,plan-enumerators,cardinality-agnostic,cycle,"mutable (single core, DPsubOpt)",Execution Time,5,0.165,0
7343edcc84b5d16a4a4ea48b4c0b69730775195b,2026-04-20,1,plan-enumerators,cardinality-agnostic,cycle,"mutable (single core, DPsubOpt)",Execution Time,8,0.31,0
7343edcc84b5d16a4a4ea48b4c0b69730775195b,2026-04-20,1,plan-enumerators,cardinality-agnostic,cycle,"mutable (single core, DPsubOpt)",Execution Time,10,0.482,0
7343edcc84b5d16a4a4ea48b4c0b69730775195b,2026-04-20,1,plan-enumerators,cardinality-agnostic,cycle,"mutable (single core, DPsubOpt)",Execution Time,12,1.243,0
7343edcc84b5d16a4a4ea48b4c0b69730775195b,2026-04-20,1,plan-enumerators,cardinality-agnostic,cycle,"mutable (single core, DPsubOpt)",Execution Time,15,2.833,0
7343edcc84b5d16a4a4ea48b4c0b69730775195b,2026-04-20,1,plan-enumerators,cardinality-agnostic,cycle,"mutable (single core, DPsubOpt)",Execution Time,18,83.005,0
7343edcc84b5d16a4a4ea48b4c0b69730775195b,2026-04-20,1,plan-enumerators,cardinality-agnostic,cycle,"mutable (single core, DPsubOpt)",Execution Time,20,363.639,0
7343edcc84b5d16a4a4ea48b4c0b69730775195b,2026-04-20,1,plan-enumerators,cardinality-agnostic,cycle,"mutable (single core, DPsizeSub)",Execution Time,2,0.124,0
7343edcc84b5d16a4a4ea48b4c0b69730775195b,2026-04-20,1,plan-enumerators,cardinality-agnostic,cycle,"mutable (single core, DPsizeSub)",Execution Time,3,0.098,0
7343edcc84b5d16a4a4ea48b4c0b69730775195b,2026-04-20,1,plan-enumerators,cardinality-agnostic,cycle,"mutable (single core, DPsizeSub)",Execution Time,4,0.097,0
7343edcc84b5d16a4a4ea48b4c0b69730775195b,2026-04-20,1,plan-enumerators,cardinality-agnostic,cycle,"mutable (single core, DPsizeSub)",Execution Time,5,0.175,0
7343edcc84b5d16a4a4ea48b4c0b69730775195b,2026-04-20,1,plan-enumerators,cardinality-agnostic,cycle,"mutable (single core, DPsizeSub)",Execution Time,8,0.314,0
7343edcc84b5d16a4a4ea48b4c0b69730775195b,2026-04-20,1,plan-enumerators,cardinality-agnostic,cycle,"mutable (single core, DPsizeSub)",Execution Time,10,0.463,0
7343edcc84b5d16a4a4ea48b4c0b69730775195b,2026-04-20,1,plan-enumerators,cardinality-agnostic,cycle,"mutable (single core, DPsizeSub)",Execution Time,12,0.876,0
7343edcc84b5d16a4a4ea48b4c0b69730775195b,2026-04-20,1,plan-enumerators,cardinality-agnostic,cycle,"mutable (single core, DPsizeSub)",Execution Time,15,4.624,0
7343edcc84b5d16a4a4ea48b4c0b69730775195b,2026-04-20,1,plan-enumerators,cardinality-agnostic,cycle,"mutable (single core, DPsizeSub)",Execution Time,18,168.688,0
7343edcc84b5d16a4a4ea48b4c0b69730775195b,2026-04-20,1,plan-enumerators,cardinality-agnostic,cycle,"mutable (single core, DPsizeSub)",Execution Time,20,790.422,0
7343edcc84b5d16a4a4ea48b4c0b69730775195b,2026-04-20,1,plan-enumerators,cardinality-agnostic,cycle,"mutable (single core, TDbasic)",Execution Time,2,0.131,0
7343edcc84b5d16a4a4ea48b4c0b69730775195b,2026-04-20,1,plan-enumerators,cardinality-agnostic,cycle,"mutable (single core, TDbasic)",Execution Time,3,0.108,0
7343edcc84b5d16a4a4ea48b4c0b69730775195b,2026-04-20,1,plan-enumerators,cardinality-agnostic,cycle,"mutable (single core, TDbasic)",Execution Time,4,0.095,0
7343edcc84b5d16a4a4ea48b4c0b69730775195b,2026-04-20,1,plan-enumerators,cardinality-agnostic,cycle,"mutable (single core, TDbasic)",Execution Time,5,0.149,0
7343edcc84b5d16a4a4ea48b4c0b69730775195b,2026-04-20,1,plan-enumerators,cardinality-agnostic,cycle,"mutable (single core, TDbasic)",Execution Time,8,0.301,0
7343edcc84b5d16a4a4ea48b4c0b69730775195b,2026-04-20,1,plan-enumerators,cardinality-agnostic,cycle,"mutable (single core, TDbasic)",Execution Time,10,0.449,0
7343edcc84b5d16a4a4ea48b4c0b69730775195b,2026-04-20,1,plan-enumerators,cardinality-agnostic,cycle,"mutable (single core, TDbasic)",Execution Time,12,0.899,0
7343edcc84b5d16a4a4ea48b4c0b69730775195b,2026-04-20,1,plan-enumerators,cardinality-agnostic,cycle,"mutable (single core, TDbasic)",Execution Time,15,3.779,0
7343edcc84b5d16a4a4ea48b4c0b69730775195b,2026-04-20,1,plan-enumerators,cardinality-agnostic,cycle,"mutable (single core, TDbasic)",Execution Time,18,24.805,0
7343edcc84b5d16a4a4ea48b4c0b69730775195b,2026-04-20,1,plan-enumerators,cardinality-agnostic,cycle,"mutable (single core, TDbasic)",Execution Time,20,103.51,0
7343edcc84b5d16a4a4ea48b4c0b69730775195b,2026-04-20,1,plan-enumerators,cardinality-agnostic,cycle,"mutable (single core, TDMinCutAGaT)",Execution Time,2,0.186,0
7343edcc84b5d16a4a4ea48b4c0b69730775195b,2026-04-20,1,plan-enumerators,cardinality-agnostic,cycle,"mutable (single core, TDMinCutAGaT)",Execution Time,3,0.122,0
7343edcc84b5d16a4a4ea48b4c0b69730775195b,2026-04-20,1,plan-enumerators,cardinality-agnostic,cycle,"mutable (single core, TDMinCutAGaT)",Execution Time,4,0.173,0
7343edcc84b5d16a4a4ea48b4c0b69730775195b,2026-04-20,1,plan-enumerators,cardinality-agnostic,cycle,"mutable (single core, TDMinCutAGaT)",Execution Time,5,0.238,0
7343edcc84b5d16a4a4ea48b4c0b69730775195b,2026-04-20,1,plan-enumerators,cardinality-agnostic,cycle,"mutable (single core, TDMinCutAGaT)",Execution Time,8,0.358,0
7343edcc84b5d16a4a4ea48b4c0b69730775195b,2026-04-20,1,plan-enumerators,cardinality-agnostic,cycle,"mutable (single core, TDMinCutAGaT)",Execution Time,10,0.511,0
7343edcc84b5d16a4a4ea48b4c0b69730775195b,2026-04-20,1,plan-enumerators,cardinality-agnostic,cycle,"mutable (single core, TDMinCutAGaT)",Execution Time,12,0.842,0
7343edcc84b5d16a4a4ea48b4c0b69730775195b,2026-04-20,1,plan-enumerators,cardinality-agnostic,cycle,"mutable (single core, TDMinCutAGaT)",Execution Time,15,2.049,0
7343edcc84b5d16a4a4ea48b4c0b69730775195b,2026-04-20,1,plan-enumerators,cardinality-agnostic,cycle,"mutable (single core, TDMinCutAGaT)",Execution Time,18,2.672,0
7343edcc84b5d16a4a4ea48b4c0b69730775195b,2026-04-20,1,plan-enumerators,cardinality-agnostic,cycle,"mutable (single core, TDMinCutAGaT)",Execution Time,20,3.49,0
7343edcc84b5d16a4a4ea48b4c0b69730775195b,2026-04-20,1,plan-enumerators,cardinality-agnostic,cycle,"mutable (single core, TwoPhaseOptimizer)",Execution Time,2,6.574,0
7343edcc84b5d16a4a4ea48b4c0b69730775195b,2026-04-20,1,plan-enumerators,cardinality-agnostic,cycle,"mutable (single core, TwoPhaseOptimizer)",Execution Time,3,16.143,0
7343edcc84b5d16a4a4ea48b4c0b69730775195b,2026-04-20,1,plan-enumerators,cardinality-agnostic,cycle,"mutable (single core, TwoPhaseOptimizer)",Execution Time,4,25.892,0
7343edcc84b5d16a4a4ea48b4c0b69730775195b,2026-04-20,1,plan-enumerators,cardinality-agnostic,cycle,"mutable (single core, TwoPhaseOptimizer)",Execution Time,5,33.038,0
7343edcc84b5d16a4a4ea48b4c0b69730775195b,2026-04-20,1,plan-enumerators,cardinality-agnostic,cycle,"mutable (single core, TwoPhaseOptimizer)",Execution Time,8,64.362,0
7343edcc84b5d16a4a4ea48b4c0b69730775195b,2026-04-20,1,plan-enumerators,cardinality-agnostic,cycle,"mutable (single core, TwoPhaseOptimizer)",Execution Time,10,87.025,0
7343edcc84b5d16a4a4ea48b4c0b69730775195b,2026-04-20,1,plan-enumerators,cardinality-agnostic,cycle,"mutable (single core, TwoPhaseOptimizer)",Execution Time,12,111.595,0
7343edcc84b5d16a4a4ea48b4c0b69730775195b,2026-04-20,1,plan-enumerators,cardinality-agnostic,cycle,"mutable (single core, TwoPhaseOptimizer)",Execution Time,15,146.874,0
7343edcc84b5d16a4a4ea48b4c0b69730775195b,2026-04-20,1,plan-enumerators,cardinality-agnostic,cycle,"mutable (single core, TwoPhaseOptimizer)",Execution Time,18,210.122,0
7343edcc84b5d16a4a4ea48b4c0b69730775195b,2026-04-20,1,plan-enumerators,cardinality-agnostic,cycle,"mutable (single core, TwoPhaseOptimizer)",Execution Time,20,266.369,0
7343edcc84b5d16a4a4ea48b4c0b69730775195b,2026-04-20,1,plan-enumerators,cardinality-agnostic,star,"mutable (single core, DPccp)",Execution Time,2,0.397,0
7343edcc84b5d16a4a4ea48b4c0b69730775195b,2026-04-20,1,plan-enumerators,cardinality-agnostic,star,"mutable (single core, DPccp)",Execution Time,3,0.142,0
7343edcc84b5d16a4a4ea48b4c0b69730775195b,2026-04-20,1,plan-enumerators,cardinality-agnostic,star,"mutable (single core, DPccp)",Execution Time,4,0.132,0
7343edcc84b5d16a4a4ea48b4c0b69730775195b,2026-04-20,1,plan-enumerators,cardinality-agnostic,star,"mutable (single core, DPccp)",Execution Time,5,0.21,0
7343edcc84b5d16a4a4ea48b4c0b69730775195b,2026-04-20,1,plan-enumerators,cardinality-agnostic,star,"mutable (single core, DPccp)",Execution Time,8,0.619,0
7343edcc84b5d16a4a4ea48b4c0b69730775195b,2026-04-20,1,plan-enumerators,cardinality-agnostic,star,"mutable (single core, DPccp)",Execution Time,10,1.798,0
7343edcc84b5d16a4a4ea48b4c0b69730775195b,2026-04-20,1,plan-enumerators,cardinality-agnostic,star,"mutable (single core, DPccp)",Execution Time,12,7.583,0
7343edcc84b5d16a4a4ea48b4c0b69730775195b,2026-04-20,1,plan-enumerators,cardinality-agnostic,star,"mutable (single core, DPccp)",Execution Time,15,53.878,0
7343edcc84b5d16a4a4ea48b4c0b69730775195b,2026-04-20,1,plan-enumerators,cardinality-agnostic,star,"mutable (single core, DPccp)",Execution Time,18,867.342,0
7343edcc84b5d16a4a4ea48b4c0b69730775195b,2026-04-20,1,plan-enumerators,cardinality-agnostic,star,"mutable (single core, DPccp)",Execution Time,20,4232.47,0
7343edcc84b5d16a4a4ea48b4c0b69730775195b,2026-04-20,1,plan-enumerators,cardinality-agnostic,star,"mutable (single core, DPsizeOpt)",Execution Time,2,10000.0,0
7343edcc84b5d16a4a4ea48b4c0b69730775195b,2026-04-20,1,plan-enumerators,cardinality-agnostic,star,"mutable (single core, DPsizeOpt)",Execution Time,3,10000.0,0
7343edcc84b5d16a4a4ea48b4c0b69730775195b,2026-04-20,1,plan-enumerators,cardinality-agnostic,star,"mutable (single core, DPsizeOpt)",Execution Time,4,10000.0,0
7343edcc84b5d16a4a4ea48b4c0b69730775195b,2026-04-20,1,plan-enumerators,cardinality-agnostic,star,"mutable (single core, DPsizeOpt)",Execution Time,5,10000.0,0
7343edcc84b5d16a4a4ea48b4c0b69730775195b,2026-04-20,1,plan-enumerators,cardinality-agnostic,star,"mutable (single core, DPsizeOpt)",Execution Time,8,10000.0,0
7343edcc84b5d16a4a4ea48b4c0b69730775195b,2026-04-20,1,plan-enumerators,cardinality-agnostic,star,"mutable (single core, DPsizeOpt)",Execution Time,10,10000.0,0
7343edcc84b5d16a4a4ea48b4c0b69730775195b,2026-04-20,1,plan-enumerators,cardinality-agnostic,star,"mutable (single core, DPsizeOpt)",Execution Time,12,10000.0,0
7343edcc84b5d16a4a4ea48b4c0b69730775195b,2026-04-20,1,plan-enumerators,cardinality-agnostic,star,"mutable (single core, DPsizeOpt)",Execution Time,15,10000.0,0
7343edcc84b5d16a4a4ea48b4c0b69730775195b,2026-04-20,1,plan-enumerators,cardinality-agnostic,star,"mutable (single core, DPsizeOpt)",Execution Time,18,10000.0,0
7343edcc84b5d16a4a4ea48b4c0b69730775195b,2026-04-20,1,plan-enumerators,cardinality-agnostic,star,"mutable (single core, DPsizeOpt)",Execution Time,20,10000.0,0
7343edcc84b5d16a4a4ea48b4c0b69730775195b,2026-04-20,1,plan-enumerators,cardinality-agnostic,star,"mutable (single core, DPsub)",Execution Time,2,10000.0,0
7343edcc84b5d16a4a4ea48b4c0b69730775195b,2026-04-20,1,plan-enumerators,cardinality-agnostic,star,"mutable (single core, DPsub)",Execution Time,3,10000.0,0
7343edcc84b5d16a4a4ea48b4c0b69730775195b,2026-04-20,1,plan-enumerators,cardinality-agnostic,star,"mutable (single core, DPsub)",Execution Time,4,10000.0,0
7343edcc84b5d16a4a4ea48b4c0b69730775195b,2026-04-20,1,plan-enumerators,cardinality-agnostic,star,"mutable (single core, DPsub)",Execution Time,5,10000.0,0
7343edcc84b5d16a4a4ea48b4c0b69730775195b,2026-04-20,1,plan-enumerators,cardinality-agnostic,star,"mutable (single core, DPsub)",Execution Time,8,10000.0,0
7343edcc84b5d16a4a4ea48b4c0b69730775195b,2026-04-20,1,plan-enumerators,cardinality-agnostic,star,"mutable (single core, DPsub)",Execution Time,10,10000.0,0
7343edcc84b5d16a4a4ea48b4c0b69730775195b,2026-04-20,1,plan-enumerators,cardinality-agnostic,star,"mutable (single core, DPsub)",Execution Time,12,10000.0,0
7343edcc84b5d16a4a4ea48b4c0b69730775195b,2026-04-20,1,plan-enumerators,cardinality-agnostic,star,"mutable (single core, DPsub)",Execution Time,15,10000.0,0
7343edcc84b5d16a4a4ea48b4c0b69730775195b,2026-04-20,1,plan-enumerators,cardinality-agnostic,star,"mutable (single core, DPsub)",Execution Time,18,10000.0,0
7343edcc84b5d16a4a4ea48b4c0b69730775195b,2026-04-20,1,plan-enumerators,cardinality-agnostic,star,"mutable (single core, DPsub)",Execution Time,20,10000.0,0
7343edcc84b5d16a4a4ea48b4c0b69730775195b,2026-04-20,1,plan-enumerators,cardinality-agnostic,star,"mutable (single core, DPsubOpt)",Execution Time,2,10000.0,0
7343edcc84b5d16a4a4ea48b4c0b69730775195b,2026-04-20,1,plan-enumerators,cardinality-agnostic,star,"mutable (single core, DPsubOpt)",Execution Time,3,10000.0,0
7343edcc84b5d16a4a4ea48b4c0b69730775195b,2026-04-20,1,plan-enumerators,cardinality-agnostic,star,"mutable (single core, DPsubOpt)",Execution Time,4,10000.0,0
7343edcc84b5d16a4a4ea48b4c0b69730775195b,2026-04-20,1,plan-enumerators,cardinality-agnostic,star,"mutable (single core, DPsubOpt)",Execution Time,5,10000.0,0
7343edcc84b5d16a4a4ea48b4c0b69730775195b,2026-04-20,1,plan-enumerators,cardinality-agnostic,star,"mutable (single core, DPsubOpt)",Execution Time,8,10000.0,0
7343edcc84b5d16a4a4ea48b4c0b69730775195b,2026-04-20,1,plan-enumerators,cardinality-agnostic,star,"mutable (single core, DPsubOpt)",Execution Time,10,10000.0,0
7343edcc84b5d16a4a4ea48b4c0b69730775195b,2026-04-20,1,plan-enumerators,cardinality-agnostic,star,"mutable (single core, DPsubOpt)",Execution Time,12,10000.0,0
7343edcc84b5d16a4a4ea48b4c0b69730775195b,2026-04-20,1,plan-enumerators,cardinality-agnostic,star,"mutable (single core, DPsubOpt)",Execution Time,15,10000.0,0
7343edcc84b5d16a4a4ea48b4c0b69730775195b,2026-04-20,1,plan-enumerators,cardinality-agnostic,star,"mutable (single core, DPsubOpt)",Execution Time,18,10000.0,0
7343edcc84b5d16a4a4ea48b4c0b69730775195b,2026-04-20,1,plan-enumerators,cardinality-agnostic,star,"mutable (single core, DPsubOpt)",Execution Time,20,10000.0,0
7343edcc84b5d16a4a4ea48b4c0b69730775195b,2026-04-20,1,plan-enumerators,cardinality-agnostic,star,"mutable (single core, DPsizeSub)",Execution Time,2,10000.0,0
7343edcc84b5d16a4a4ea48b4c0b69730775195b,2026-04-20,1,plan-enumerators,cardinality-agnostic,star,"mutable (single core, DPsizeSub)",Execution Time,3,10000.0,0
7343edcc84b5d16a4a4ea48b4c0b69730775195b,2026-04-20,1,plan-enumerators,cardinality-agnostic,star,"mutable (single core, DPsizeSub)",Execution Time,4,10000.0,0
7343edcc84b5d16a4a4ea48b4c0b69730775195b,2026-04-20,1,plan-enumerators,cardinality-agnostic,star,"mutable (single core, DPsizeSub)",Execution Time,5,10000.0,0
7343edcc84b5d16a4a4ea48b4c0b69730775195b,2026-04-20,1,plan-enumerators,cardinality-agnostic,star,"mutable (single core, DPsizeSub)",Execution Time,8,10000.0,0
7343edcc84b5d16a4a4ea48b4c0b69730775195b,2026-04-20,1,plan-enumerators,cardinality-agnostic,star,"mutable (single core, DPsizeSub)",Execution Time,10,10000.0,0
7343edcc84b5d16a4a4ea48b4c0b69730775195b,2026-04-20,1,plan-enumerators,cardinality-agnostic,star,"mutable (single core, DPsizeSub)",Execution Time,12,10000.0,0
7343edcc84b5d16a4a4ea48b4c0b69730775195b,2026-04-20,1,plan-enumerators,cardinality-agnostic,star,"mutable (single core, DPsizeSub)",Execution Time,15,10000.0,0
7343edcc84b5d16a4a4ea48b4c0b69730775195b,2026-04-20,1,plan-enumerators,cardinality-agnostic,star,"mutable (single core, DPsizeSub)",Execution Time,18,10000.0,0
7343edcc84b5d16a4a4ea48b4c0b69730775195b,2026-04-20,1,plan-enumerators,cardinality-agnostic,star,"mutable (single core, DPsizeSub)",Execution Time,20,10000.0,0
7343edcc84b5d16a4a4ea48b4c0b69730775195b,2026-04-20,1,plan-enumerators,cardinality-agnostic,star,"mutable (single core, TDbasic)",Execution Time,2,0.179,0
7343edcc84b5d16a4a4ea48b4c0b69730775195b,2026-04-20,1,plan-enumerators,cardinality-agnostic,star,"mutable (single core, TDbasic)",Execution Time,3,0.1,0
7343edcc84b5d16a4a4ea48b4c0b69730775195b,2026-04-20,1,plan-enumerators,cardinality-agnostic,star,"mutable (single core, TDbasic)",Execution Time,4,0.12,0
7343edcc84b5d16a4a4ea48b4c0b69730775195b,2026-04-20,1,plan-enumerators,cardinality-agnostic,star,"mutable (single core, TDbasic)",Execution Time,5,0.253,0
7343edcc84b5d16a4a4ea48b4c0b69730775195b,2026-04-20,1,plan-enumerators,cardinality-agnostic,star,"mutable (single core, TDbasic)",Execution Time,8,0.417,0
7343edcc84b5d16a4a4ea48b4c0b69730775195b,2026-04-20,1,plan-enumerators,cardinality-agnostic,star,"mutable (single core, TDbasic)",Execution Time,10,0.981,0
7343edcc84b5d16a4a4ea48b4c0b69730775195b,2026-04-20,1,plan-enumerators,cardinality-agnostic,star,"mutable (single core, TDbasic)",Execution Time,12,4.807,0
7343edcc84b5d16a4a4ea48b4c0b69730775195b,2026-04-20,1,plan-enumerators,cardinality-agnostic,star,"mutable (single core, TDbasic)",Execution Time,15,102.964,0
7343edcc84b5d16a4a4ea48b4c0b69730775195b,2026-04-20,1,plan-enumerators,cardinality-agnostic,star,"mutable (single core, TDbasic)",Execution Time,18,3321.54,0
7343edcc84b5d16a4a4ea48b4c0b69730775195b,2026-04-20,1,plan-enumerators,cardinality-agnostic,star,"mutable (single core, TDbasic)",Execution Time,20,29214.9,0
7343edcc84b5d16a4a4ea48b4c0b69730775195b,2026-04-20,1,plan-enumerators,cardinality-agnostic,star,"mutable (single core, TDMinCutAGaT)",Execution Time,2,0.148,0
7343edcc84b5d16a4a4ea48b4c0b69730775195b,2026-04-20,1,plan-enumerators,cardinality-agnostic,star,"mutable (single core, TDMinCutAGaT)",Execution Time,3,0.104,0
7343edcc84b5d16a4a4ea48b4c0b69730775195b,2026-04-20,1,plan-enumerators,cardinality-agnostic,star,"mutable (single core, TDMinCutAGaT)",Execution Time,4,0.123,0
7343edcc84b5d16a4a4ea48b4c0b69730775195b,2026-04-20,1,plan-enumerators,cardinality-agnostic,star,"mutable (single core, TDMinCutAGaT)",Execution Time,5,0.185,0
7343edcc84b5d16a4a4ea48b4c0b69730775195b,2026-04-20,1,plan-enumerators,cardinality-agnostic,star,"mutable (single core, TDMinCutAGaT)",Execution Time,8,0.685,0
7343edcc84b5d16a4a4ea48b4c0b69730775195b,2026-04-20,1,plan-enumerators,cardinality-agnostic,star,"mutable (single core, TDMinCutAGaT)",Execution Time,10,2.803,0
7343edcc84b5d16a4a4ea48b4c0b69730775195b,2026-04-20,1,plan-enumerators,cardinality-agnostic,star,"mutable (single core, TDMinCutAGaT)",Execution Time,12,19.498,0
7343edcc84b5d16a4a4ea48b4c0b69730775195b,2026-04-20,1,plan-enumerators,cardinality-agnostic,star,"mutable (single core, TDMinCutAGaT)",Execution Time,15,462.158,0
7343edcc84b5d16a4a4ea48b4c0b69730775195b,2026-04-20,1,plan-enumerators,cardinality-agnostic,star,"mutable (single core, TDMinCutAGaT)",Execution Time,18,12707.4,0
7343edcc84b5d16a4a4ea48b4c0b69730775195b,2026-04-20,1,plan-enumerators,cardinality-agnostic,star,"mutable (single core, TDMinCutAGaT)",Execution Time,20,113585.0,0
7343edcc84b5d16a4a4ea48b4c0b69730775195b,2026-04-20,1,plan-enumerators,cardinality-agnostic,star,"mutable (single core, TwoPhaseOptimizer)",Execution Time,2,6.476,0
7343edcc84b5d16a4a4ea48b4c0b69730775195b,2026-04-20,1,plan-enumerators,cardinality-agnostic,star,"mutable (single core, TwoPhaseOptimizer)",Execution Time,3,16.187,0
7343edcc84b5d16a4a4ea48b4c0b69730775195b,2026-04-20,1,plan-enumerators,cardinality-agnostic,star,"mutable (single core, TwoPhaseOptimizer)",Execution Time,4,26.078,0
7343edcc84b5d16a4a4ea48b4c0b69730775195b,2026-04-20,1,plan-enumerators,cardinality-agnostic,star,"mutable (single core, TwoPhaseOptimizer)",Execution Time,5,33.111,0
7343edcc84b5d16a4a4ea48b4c0b69730775195b,2026-04-20,1,plan-enumerators,cardinality-agnostic,star,"mutable (single core, TwoPhaseOptimizer)",Execution Time,8,65.141,0
7343edcc84b5d16a4a4ea48b4c0b69730775195b,2026-04-20,1,plan-enumerators,cardinality-agnostic,star,"mutable (single core, TwoPhaseOptimizer)",Execution Time,10,87.399,0
7343edcc84b5d16a4a4ea48b4c0b69730775195b,2026-04-20,1,plan-enumerators,cardinality-agnostic,star,"mutable (single core, TwoPhaseOptimizer)",Execution Time,12,111.433,0
7343edcc84b5d16a4a4ea48b4c0b69730775195b,2026-04-20,1,plan-enumerators,cardinality-agnostic,star,"mutable (single core, TwoPhaseOptimizer)",Execution Time,15,162.558,0
7343edcc84b5d16a4a4ea48b4c0b69730775195b,2026-04-20,1,plan-enumerators,cardinality-agnostic,star,"mutable (single core, TwoPhaseOptimizer)",Execution Time,18,210.238,0
7343edcc84b5d16a4a4ea48b4c0b69730775195b,2026-04-20,1,plan-enumerators,cardinality-agnostic,star,"mutable (single core, TwoPhaseOptimizer)",Execution Time,20,267.073,0
